-- phpMyAdmin SQL Dump
-- version 5.2.1
-- https://www.phpmyadmin.net/
--
-- Servidor: 127.0.0.1
-- Tiempo de generación: 19-02-2026 a las 16:07:50
-- Versión del servidor: 10.4.32-MariaDB
-- Versión de PHP: 8.2.12

SET SQL_MODE = "NO_AUTO_VALUE_ON_ZERO";
START TRANSACTION;
SET time_zone = "+00:00";


/*!40101 SET @OLD_CHARACTER_SET_CLIENT=@@CHARACTER_SET_CLIENT */;
/*!40101 SET @OLD_CHARACTER_SET_RESULTS=@@CHARACTER_SET_RESULTS */;
/*!40101 SET @OLD_COLLATION_CONNECTION=@@COLLATION_CONNECTION */;
/*!40101 SET NAMES utf8mb4 */;

--
-- Base de datos: `hotel`
--

-- --------------------------------------------------------

--
-- Estructura de tabla para la tabla `atencion`
--

CREATE TABLE `atencion` (
  `id_atencion` int(11) NOT NULL,
  `id_reserva` int(11) NOT NULL,
  `id_empleado` int(11) NOT NULL,
  `fecha` date NOT NULL,
  `nota` varchar(200) NOT NULL
) ENGINE=InnoDB DEFAULT CHARSET=utf8mb4 COLLATE=utf8mb4_general_ci;

--
-- Volcado de datos para la tabla `atencion`
--

INSERT INTO `atencion` (`id_atencion`, `id_reserva`, `id_empleado`, `fecha`, `nota`) VALUES
(1, 7, 5, '2026-02-10', 'El cliente menciona, que llegará antes de su hora de check in a dejar las maletas'),
(2, 4, 4, '2026-02-10', 'El trato fue excelente'),
(3, 10, 1, '2026-02-04', 'BIEN                                                 '),
(4, 8, 2, '2026-02-02', 'EXCELENTE SERVICIO'),
(5, 5, 3, '2026-02-03', 'ok');

-- --------------------------------------------------------

--
-- Estructura de tabla para la tabla `cliente`
--

CREATE TABLE `cliente` (
  `id_cliente` int(11) NOT NULL,
  `nombre` varchar(200) NOT NULL,
  `email` varchar(50) NOT NULL,
  `telefono` varchar(12) NOT NULL,
  `fecha_registro` date NOT NULL
) ENGINE=InnoDB DEFAULT CHARSET=utf8mb4 COLLATE=utf8mb4_general_ci;

--
-- Volcado de datos para la tabla `cliente`
--

INSERT INTO `cliente` (`id_cliente`, `nombre`, `email`, `telefono`, `fecha_registro`) VALUES
(1, 'Gilberto Bojorquez', 'gilberto.bojorquez@gmail.com', '6671173244', '2025-12-09'),
(2, 'Darlene Gutierrez', 'Darlene.gutierrez@gmail.com', '66671298891', '2025-10-14'),
(3, 'Luz Moreno', 'luz.moreno@gmail.com', '6672134627', '2025-07-01'),
(4, 'Victoria Ramirez', 'victoria.ramirez@gmail.com', '6672170987', '2025-09-10'),
(5, 'Fernando Vega', 'fernando.vega@gmail.com', '6682569012', '2025-07-16');

-- --------------------------------------------------------

--
-- Estructura de tabla para la tabla `empleado`
--

CREATE TABLE `empleado` (
  `id_empleado` int(11) NOT NULL,
  `id_hotel` int(11) NOT NULL,
  `nombre` varchar(200) NOT NULL,
  `puesto` varchar(50) NOT NULL,
  `email` varchar(50) NOT NULL
) ENGINE=InnoDB DEFAULT CHARSET=utf8mb4 COLLATE=utf8mb4_general_ci;

--
-- Volcado de datos para la tabla `empleado`
--

INSERT INTO `empleado` (`id_empleado`, `id_hotel`, `nombre`, `puesto`, `email`) VALUES
(1, 1, 'Juan Bojorquez', 'Recepcionista', 'juan.bojorquez@gmail.com'),
(2, 1, 'Madeleine Garate', 'Gerente', 'Madeleine.garate@gmail.com'),
(3, 2, 'Ian Echeagaray', 'Botones', 'Ian.echeagaray@gmail.com'),
(4, 3, 'Matu Sanchez', 'Chef', 'matu.sanchez@gmail.com'),
(5, 2, 'Lucia Moreno', 'Soporte telefonico', 'lucia.moreno@gmail.com');

-- --------------------------------------------------------

--
-- Estructura de tabla para la tabla `habitacion`
--

CREATE TABLE `habitacion` (
  `id_habitacion` int(11) NOT NULL,
  `id_hotel` int(11) NOT NULL,
  `numero` varchar(12) NOT NULL,
  `tipo` varchar(50) NOT NULL,
  `precio_noche` double NOT NULL,
  `estado` varchar(20) NOT NULL
) ENGINE=InnoDB DEFAULT CHARSET=utf8mb4 COLLATE=utf8mb4_general_ci;

--
-- Volcado de datos para la tabla `habitacion`
--

INSERT INTO `habitacion` (`id_habitacion`, `id_hotel`, `numero`, `tipo`, `precio_noche`, `estado`) VALUES
(1, 1, '290', 'Doble', 2500, 'Desocupdo'),
(2, 2, '34', 'Individual', 1200, 'Ocupado'),
(3, 3, '72', 'Suite', 3200, 'Desocupado'),
(4, 3, '89', 'Triple', 3000, 'Ocupado'),
(5, 1, '470', 'Ejecutiva', 4000, 'Desocupado');

-- --------------------------------------------------------

--
-- Estructura de tabla para la tabla `hotel`
--

CREATE TABLE `hotel` (
  `id_hotel` int(11) NOT NULL,
  `nombre` varchar(200) NOT NULL,
  `ciudad` varchar(50) NOT NULL,
  `telefono` varchar(12) NOT NULL
) ENGINE=InnoDB DEFAULT CHARSET=utf8mb4 COLLATE=utf8mb4_general_ci;

--
-- Volcado de datos para la tabla `hotel`
--

INSERT INTO `hotel` (`id_hotel`, `nombre`, `ciudad`, `telefono`) VALUES
(1, 'Riu', 'Guadalajara', '3371033244'),
(2, 'Holiday inn', 'Tamaulipas', '5583892845'),
(3, 'One', 'CDMX', '2257223609');

-- --------------------------------------------------------

--
-- Estructura de tabla para la tabla `pago`
--

CREATE TABLE `pago` (
  `id_pago` int(11) NOT NULL,
  `id_reserva` int(11) NOT NULL,
  `fecha_pago` date NOT NULL,
  `monto` double NOT NULL,
  `metodo` varchar(20) NOT NULL,
  `referencia` varchar(200) NOT NULL,
  `estado_pago` varchar(20) NOT NULL
) ENGINE=InnoDB DEFAULT CHARSET=utf8mb4 COLLATE=utf8mb4_general_ci;

--
-- Volcado de datos para la tabla `pago`
--

INSERT INTO `pago` (`id_pago`, `id_reserva`, `fecha_pago`, `monto`, `metodo`, `referencia`, `estado_pago`) VALUES
(1, 8, '2026-02-03', 4200, 'Efectivo', '4444', 'Pagado'),
(2, 5, '2026-02-02', 5800, 'Transferencia', '8788', 'Pendiente'),
(3, 10, '2026-02-04', 2100, 'Efectivo', '7774', 'Pendiente'),
(4, 9, '2026-02-03', 5690, 'Transferencia', '2222', 'Pendiente'),
(5, 5, '2026-02-05', 4210, 'Efectivo', '2222', 'Pagado');

-- --------------------------------------------------------

--
-- Estructura de tabla para la tabla `reserva`
--

CREATE TABLE `reserva` (
  `id_reserva` int(11) NOT NULL,
  `id_cliente` int(11) NOT NULL,
  `id_habitacion` int(11) NOT NULL,
  `fecha_entrada` date NOT NULL,
  `fecha_salida` date NOT NULL,
  `num_huespedes` int(30) NOT NULL,
  `estado_reserva` varchar(20) NOT NULL,
  `fecha_creacion` date NOT NULL
) ENGINE=InnoDB DEFAULT CHARSET=utf8mb4 COLLATE=utf8mb4_general_ci;

--
-- Volcado de datos para la tabla `reserva`
--

INSERT INTO `reserva` (`id_reserva`, `id_cliente`, `id_habitacion`, `fecha_entrada`, `fecha_salida`, `num_huespedes`, `estado_reserva`, `fecha_creacion`) VALUES
(1, 3, 1, '2025-12-08', '2025-12-14', 2, 'cancelada', '2025-12-08'),
(2, 1, 5, '2026-02-18', '2026-02-28', 1, 'vigente', '2026-02-18'),
(3, 5, 2, '2026-02-16', '2026-02-18', 1, 'vigente', '2026-02-16'),
(4, 2, 4, '2026-03-01', '2026-03-05', 3, 'vigente', '2026-02-18'),
(5, 4, 5, '2026-01-01', '2026-01-02', 1, 'cancelada', '2026-01-01'),
(6, 3, 4, '2026-02-18', '2026-02-19', 1, 'vigente', '2026-02-18'),
(7, 1, 2, '2026-03-01', '2026-03-31', 2, 'vigente', '2026-03-01'),
(8, 5, 1, '2026-02-20', '2026-02-23', 5, 'vigente', '2026-02-20'),
(9, 3, 1, '2026-02-01', '2026-02-18', 3, 'cancelada', '2026-02-01'),
(10, 4, 3, '2026-02-27', '2026-02-28', 3, 'vigente', '2026-02-18');

-- --------------------------------------------------------

--
-- Estructura de tabla para la tabla `reserva_servicio`
--

CREATE TABLE `reserva_servicio` (
  `id_reserva` int(11) NOT NULL,
  `id_servicio` int(11) NOT NULL,
  `cantidad` varchar(50) NOT NULL,
  `precio_unitario` double NOT NULL
) ENGINE=InnoDB DEFAULT CHARSET=utf8mb4 COLLATE=utf8mb4_general_ci;

--
-- Volcado de datos para la tabla `reserva_servicio`
--

INSERT INTO `reserva_servicio` (`id_reserva`, `id_servicio`, `cantidad`, `precio_unitario`) VALUES
(7, 2, '300', 1500),
(6, 4, '3600', 6979),
(1, 5, '800', 800),
(7, 5, '680', 1200),
(9, 1, '3000', 7509),
(8, 2, '300', 5300),
(9, 5, '680', 4562),
(5, 4, '200', 5400),
(7, 3, '1200', 3500),
(7, 2, '200', 3100),
(7, 2, '200', 5677),
(9, 2, '200', 2228);

-- --------------------------------------------------------

--
-- Estructura de tabla para la tabla `servicio`
--

CREATE TABLE `servicio` (
  `id_servicio` int(11) NOT NULL,
  `nombre` varchar(200) NOT NULL,
  `precio_base` double NOT NULL
) ENGINE=InnoDB DEFAULT CHARSET=utf8mb4 COLLATE=utf8mb4_general_ci;

--
-- Volcado de datos para la tabla `servicio`
--

INSERT INTO `servicio` (`id_servicio`, `nombre`, `precio_base`) VALUES
(1, 'Todo incluido', 5000),
(2, 'Desayuno buffet', 1200),
(3, 'Spa', 2100),
(4, 'Acceso directo a la playa', 200),
(5, 'Baby daycare', 600);

--
-- Índices para tablas volcadas
--

--
-- Indices de la tabla `atencion`
--
ALTER TABLE `atencion`
  ADD PRIMARY KEY (`id_atencion`),
  ADD KEY `id_reserva` (`id_reserva`),
  ADD KEY `id_empleado` (`id_empleado`);

--
-- Indices de la tabla `cliente`
--
ALTER TABLE `cliente`
  ADD PRIMARY KEY (`id_cliente`);

--
-- Indices de la tabla `empleado`
--
ALTER TABLE `empleado`
  ADD PRIMARY KEY (`id_empleado`),
  ADD KEY `id_hotel` (`id_hotel`);

--
-- Indices de la tabla `habitacion`
--
ALTER TABLE `habitacion`
  ADD PRIMARY KEY (`id_habitacion`),
  ADD KEY `id_hotel` (`id_hotel`);

--
-- Indices de la tabla `hotel`
--
ALTER TABLE `hotel`
  ADD PRIMARY KEY (`id_hotel`);

--
-- Indices de la tabla `pago`
--
ALTER TABLE `pago`
  ADD PRIMARY KEY (`id_pago`),
  ADD KEY `id_reserva` (`id_reserva`);

--
-- Indices de la tabla `reserva`
--
ALTER TABLE `reserva`
  ADD PRIMARY KEY (`id_reserva`),
  ADD KEY `id_cliente` (`id_cliente`),
  ADD KEY `id_habitacion` (`id_habitacion`);

--
-- Indices de la tabla `reserva_servicio`
--
ALTER TABLE `reserva_servicio`
  ADD KEY `id_reserva` (`id_reserva`),
  ADD KEY `id_servicio` (`id_servicio`);

--
-- Indices de la tabla `servicio`
--
ALTER TABLE `servicio`
  ADD PRIMARY KEY (`id_servicio`);

--
-- AUTO_INCREMENT de las tablas volcadas
--

--
-- AUTO_INCREMENT de la tabla `atencion`
--
ALTER TABLE `atencion`
  MODIFY `id_atencion` int(11) NOT NULL AUTO_INCREMENT, AUTO_INCREMENT=6;

--
-- AUTO_INCREMENT de la tabla `cliente`
--
ALTER TABLE `cliente`
  MODIFY `id_cliente` int(11) NOT NULL AUTO_INCREMENT, AUTO_INCREMENT=6;

--
-- AUTO_INCREMENT de la tabla `empleado`
--
ALTER TABLE `empleado`
  MODIFY `id_empleado` int(11) NOT NULL AUTO_INCREMENT, AUTO_INCREMENT=6;

--
-- AUTO_INCREMENT de la tabla `habitacion`
--
ALTER TABLE `habitacion`
  MODIFY `id_habitacion` int(11) NOT NULL AUTO_INCREMENT, AUTO_INCREMENT=6;

--
-- AUTO_INCREMENT de la tabla `hotel`
--
ALTER TABLE `hotel`
  MODIFY `id_hotel` int(11) NOT NULL AUTO_INCREMENT, AUTO_INCREMENT=4;

--
-- AUTO_INCREMENT de la tabla `pago`
--
ALTER TABLE `pago`
  MODIFY `id_pago` int(11) NOT NULL AUTO_INCREMENT, AUTO_INCREMENT=6;

--
-- AUTO_INCREMENT de la tabla `reserva`
--
ALTER TABLE `reserva`
  MODIFY `id_reserva` int(11) NOT NULL AUTO_INCREMENT, AUTO_INCREMENT=11;

--
-- AUTO_INCREMENT de la tabla `servicio`
--
ALTER TABLE `servicio`
  MODIFY `id_servicio` int(11) NOT NULL AUTO_INCREMENT, AUTO_INCREMENT=6;

--
-- Restricciones para tablas volcadas
--

--
-- Filtros para la tabla `atencion`
--
ALTER TABLE `atencion`
  ADD CONSTRAINT `atencion_ibfk_1` FOREIGN KEY (`id_reserva`) REFERENCES `reserva` (`id_reserva`),
  ADD CONSTRAINT `atencion_ibfk_2` FOREIGN KEY (`id_empleado`) REFERENCES `empleado` (`id_empleado`);

--
-- Filtros para la tabla `empleado`
--
ALTER TABLE `empleado`
  ADD CONSTRAINT `empleado_ibfk_1` FOREIGN KEY (`id_hotel`) REFERENCES `hotel` (`id_hotel`);

--
-- Filtros para la tabla `habitacion`
--
ALTER TABLE `habitacion`
  ADD CONSTRAINT `habitacion_ibfk_1` FOREIGN KEY (`id_hotel`) REFERENCES `hotel` (`id_hotel`);

--
-- Filtros para la tabla `pago`
--
ALTER TABLE `pago`
  ADD CONSTRAINT `pago_ibfk_1` FOREIGN KEY (`id_reserva`) REFERENCES `reserva` (`id_reserva`);

--
-- Filtros para la tabla `reserva`
--
ALTER TABLE `reserva`
  ADD CONSTRAINT `reserva_ibfk_1` FOREIGN KEY (`id_cliente`) REFERENCES `cliente` (`id_cliente`),
  ADD CONSTRAINT `reserva_ibfk_2` FOREIGN KEY (`id_habitacion`) REFERENCES `habitacion` (`id_habitacion`);

--
-- Filtros para la tabla `reserva_servicio`
--
ALTER TABLE `reserva_servicio`
  ADD CONSTRAINT `reserva_servicio_ibfk_1` FOREIGN KEY (`id_reserva`) REFERENCES `reserva` (`id_reserva`),
  ADD CONSTRAINT `reserva_servicio_ibfk_2` FOREIGN KEY (`id_servicio`) REFERENCES `servicio` (`id_servicio`);
COMMIT;

/*!40101 SET CHARACTER_SET_CLIENT=@OLD_CHARACTER_SET_CLIENT */;
/*!40101 SET CHARACTER_SET_RESULTS=@OLD_CHARACTER_SET_RESULTS */;
/*!40101 SET COLLATION_CONNECTION=@OLD_COLLATION_CONNECTION */;
